filename,grade,feedback
rollno_1txt,4.18,Can do better
rollno_5txt,3.91,Can do better
rollno_3txt,5.7,Good
rollno_4txt,5.1,Good
roll_no_27txt,3.13,Can do better
roll_no_28txt,3.16,Can do better
roll_no_15txt,2.86,Can do better
roll_no_16txt,2.88,Can do better
roll_no_17txt,2.95,Can do better
roll_no_18txt,3.27,Can do better
roll_no_21txt,3.07,Can do better
roll_no_22txt,3.19,Can do better
roll_no_23txt,3.21,Can do better
roll_no_24txt,3.12,Can do better
roll_no_27txt,3.13,Can do better
roll_no_28txt,3.16,Can do better
roll_no_29txt,3.16,Can do better
roll_no_30txt,3.19,Can do better
rollno_3txt,5.7,Good
rollno_4txt,5.1,Good
rollno_5txt,3.91,Can do better
rollno_4txt,5.1,Good
rollno_4txt,5.1,Good
rollno_4txt,5.1,Good
roll_no_15txt,2.86,Can do better
roll_no_16txt,2.88,Can do better
roll_no_11txt,2.92,Can do better
roll_no_27  Copytxt,3.13,Can do better
roll_no_16txt,2.88,Can do better
roll_no_17txt,2.95,Can do better
rollno_3  Copytxt,5.7,Good
rollno_4  Copytxt,5.1,Good
rollno_5  Copytxt,3.91,Can do better
rollno_3  Copytxt,5.7,Good
rollno_4  Copytxt,5.1,Good
rollno_5  Copytxt,3.91,Can do better
roll_no_23txt,3.21,Can do better
roll_no_24txt,3.12,Can do better
roll_no_25txt,3.12,Can do better
